Test,TextLength,PatternLength,KMPTime,KMPMemory,NaiveTime,NaiveMemory,MyTime,MyMemory,NaiveTimeDifference,MyTimeDifference,NaiveMemoryDifference,MyMemoryDifference,Correct
Basic match,11,5,0.0025,8,0.0008,0,0.0014,0,-0.0017,-0.0011,-8,-8,YES
No match,11,3,0.001,0,0.0005,0,0.0005,0,-0.0005,-0.0005,0,0,YES
Match at beginning,6,3,0.0015,0,0.0006,0,0.0009,0,-0.0009,-0.0006,0,0,YES
Match at end,6,3,0.0013,0,0.0005,0,0.0008,0,-0.0008,-0.0005,0,0,YES
Pattern equals text,5,5,0.0012,0,0.0004,0,0.0007,0,-0.0008,-0.0005,0,0,YES
Overlapping matches,5,3,0.0017,0,0.0008,0,0.0016,0,-0.0009,-0.0001,0,0,YES
Repeated pattern,8,4,0.0018,0,0.0012,0,0.0018,0,-0.0006,0,0,0,YES
Single character,11,1,0.0018,0,0.001,0,0.001,0,-0.0008,-0.0008,0,0,YES
Pattern longer than text,3,6,0.001,0,0.0001,0,0.0006,0,-0.0009,-0.0004,0,0,YES
Empty pattern,5,0,0.0002,0,0.0001,0,0.0001,0,-0.0001,-0.0001,0,0,YES
Long repeated a,1000,10,0.0523,4,0.2309,4,0.4721,0,0.1786,0.4198,0,-4,YES
Long repeated ab,100,10,0.0064,0,0.0136,0,0.0257,0,0.0072,0.0193,0,0,YES
Long no match,1000,10,0.0488,0,0.2139,0,0.4597,0,0.1651,0.4109,0,0,YES
Long text with match at end,1000,6,0.0493,0,0.1363,0,0.2732,0,0.087,0.2239,0,0,YES
Long text with match at beginning,1000,6,0.0214,0,0.0368,0,0.0238,0,0.0154,0.0024,0,0,YES
Long pattern,1000,500,0.0517,0,5.0028,0,13.1974,0,4.9511,13.1457,0,0,YES
Long pattern no match,1000,500,0.0766,0,4.9894,0,14.073,0,4.9128,13.9964,0,0,YES
Repeated pattern with many matches,1000,3,0.0505,0,0.0887,0,0.1898,0,0.0382,0.1393,0,0,YES
Large mixed text,988,10,0.0263,0,0.045,0,0.0407,0,0.0187,0.0144,0,0,YES
Empty text,0,3,0.0008,0,0.0001,0,0.0001,0,-0.0007,-0.0007,0,0,YES
Both empty,0,0,0.0001,0,0,0,0.0001,0,-0.0001,0,0,0,YES
Single character text,1,1,0.0009,0,0.0003,0,0.0003,0,-0.0006,-0.0006,0,0,YES
Single character no match,1,1,0.0007,0,0.0001,0,0.0002,0,-0.0006,-0.0005,0,0,YES
Pattern longer by one,3,4,0.0009,0,0,0,0.0007,0,-0.0009,-0.0002,0,0,YES
Pattern longer by many,3,10,0.0012,0,0,0,0.0006,0,-0.0012,-0.0006,0,0,YES
Pattern one character longer,4,5,0.001,0,0.0001,0,0.0011,0,-0.0009,0.0001,0,0,YES
Match occurs twice,6,3,0.0018,0,0.0009,0,0.0014,0,-0.0009,-0.0004,0,0,YES
Match occurs three times,9,3,0.0017,0,0.0011,0,0.0015,0,-0.0006,-0.0002,0,0,YES
Overlapping by one character,4,3,0.0013,0,0.0006,0,0.0013,0,-0.0007,0,0,0,YES
Highly overlapping,10,5,0.002,0,0.0014,0,0.0034,0,-0.0006,0.0014,0,0,YES
Pattern overlaps with itself,7,5,0.0016,0,0.0008,0,0.0018,0,-0.0008,0.0002,0,0,YES
Repeated characters,12,3,0.002,0,0.0014,0,0.0027,0,-0.0006,0.0007,0,0,YES
Mismatch at first character,10,3,0.001,0,0.0004,0,0.0004,0,-0.0006,-0.0006,0,0,YES
Mismatch at last character,6,6,0.0013,0,0.0002,0,0.0021,0,-0.0011,0.0008,0,0,YES
Almost complete match,10,10,0.0014,0,0.0004,0,0.001,0,-0.001,-0.0004,0,0,YES
Match surrounded by same character,5,3,0.0012,0,0.0005,0,0.0008,0,-0.0007,-0.0004,0,0,YES
Match at very beginning,13,3,0.0014,0,0.0008,0,0.001,0,-0.0006,-0.0004,0,0,YES
Match at very end,13,3,0.0014,0,0.0007,0,0.001,0,-0.0007,-0.0004,0,0,YES
Only match,3,3,0.0012,0,0.0003,0,0.0006,0,-0.0009,-0.0006,0,0,YES
Pattern repeated directly,12,6,0.002,0,0.0012,0,0.0023,0,-0.0008,0.0003,0,0,YES
Pattern almost repeated,12,6,0.0014,0,0.0009,0,0.0018,0,-0.0005,0.0004,0,0,YES
Case sensitive,17,5,0.0016,0,0.0009,0,0.0011,0,-0.0007,-0.0005,0,0,YES
Spaces,23,5,0.002,0,0.0014,0,0.0016,0,-0.0006,-0.0004,0,0,YES
Pattern contains spaces,17,11,0.002,0,0.0008,0,0.0016,0,-0.0012,-0.0004,0,0,YES
Special characters,14,3,0.0017,0,0.001,0,0.0013,0,-0.0007,-0.0004,0,0,YES
Numbers,15,5,0.002,0,0.0014,0,0.0018,0,-0.0006,-0.0002,0,0,YES
Pattern is one character from full text,6,1,0.0011,0,0.0005,0,0.0004,0,-0.0006,-0.0007,0,0,YES
Pattern equals repeated text,8,8,0.0016,0,0.0005,0,0.0027,0,-0.0011,0.0011,0,0,YES
One character difference,11,10,0.0015,0,0.0005,0,0.0031,0,-0.001,0.0016,0,0,YES
Alternating characters,16,5,0.0023,0,0.0018,0,0.0032,0,-0.0005,0.0009,0,0,YES
No match after long partial match,18,11,0.0025,0,0.0021,0,0.0078,0,-0.0004,0.0053,0,0,YES
10K - repeated a,10000,10,0.4724,88,2.4626,40,4.2937,40,1.9902,3.8213,-48,-48,YES
10K - difficult mismatch,10000,10,0.4865,0,2.4938,0,4.3722,0,2.0073,3.8857,0,0,YES
100K - repeated a,100000,10,4.4653,328,22.9921,436,43.6433,376,18.5268,39.178,108,48,YES
100K - difficult mismatch,100000,10,4.9002,0,21.5955,0,39.9939,0,16.6953,35.0937,0,0,YES
500K - repeated a,500000,10,22.4504,1956,114.777,2008,215.03,1968,92.3269,192.58,52,12,YES
500K - difficult mismatch,500000,10,24.556,0,108.591,0,201.625,0,84.035,177.069,0,0,YES
1M - repeated a,1000000,10,44.4864,3924,228.037,3940,430.327,3964,183.551,385.841,16,40,YES
1M - difficult mismatch,1000000,10,48.0241,0,216.277,0,399.219,0,168.253,351.195,0,0,YES
5M - repeated a,5000000,10,224.051,19584,1168.77,19536,2169.75,19532,944.723,1945.69,-48,-52,YES
5M - difficult mismatch,5000000,10,241.108,0,1085.13,0,1995.42,0,844.019,1754.31,0,0,YES
